Datum,Zeit
10.01.2025,22:42 - 01:55
09.01.2025,21:35 - 23:17
06.01.2025,21:35 - 23:57
04.01.2025,23:06 - 01:14
02.01.2025,21:44 - 00:14
19.12.2024,21:18 - 22:56
13.12.2024,23:13 - 00:49
11.12.2024,12:37 - 14:30
09.12.2024,21:47 - 23:24
05.12.2024,23:36 - 02:06
03.12.2024,21:44 - 23:28
02.12.2024,12:10 - 13:29
26.11.2024,22:04 - 00:05
25.11.2024,21:46 - 00:43
12.11.2024,18:50 - 20:30
10.11.2024,22:04 - 01:08
09.11.2024,12:06 - 13:42
05.11.2024,21:43 - 23:37
04.11.2024,21:40 - 23:18
03.11.2024,21:40 - 23:23
02.11.2024,22:04 - 00:16
28.10.2024,22:29 - 01:27
26.10.2024,21:35 - 23:31
20.10.2024,21:35 - 01:11
17.10.2024,21:07 - 00:08
14.10.2024,06:54 - 08:20
09.10.2024,07:04 - 08:49
07.10.2024,07:13 - 09:30
05.10.2024,21:35 - 23:54
30.09.2024,21:03 - 22:49
28.09.2024,20:44 - 22:45
10.07.2024,22:05 - 00:07
08.07.2024,22:31 - 00:09
06.07.2024,22:34 - 23:53
03.07.2024,21:39 - 00:07
02.07.2024,21:45 - 23:33
17.06.2024,21:38 - 23:49
16.06.2024,21:53 - 23:35
13.06.2024,21:50 - 00:15
11.06.2024,21:44 - 00:01
08.06.2024,21:37 - 23:01
05.06.2024,11:06 - 12:25
03.06.2024,21:41 - 23:33
28.05.2024,21:24 - 23:45
27.05.2024,13:51 - 15:03
17.05.2024,21:59 - 00:12
16.05.2024,21:27 - 22:50
08.05.2024,22:05 - 23:58
07.05.2024,21:56 - 23:42
05.05.2024,22:31 - 00:16
04.05.2024,22:49 - 00:28
01.05.2024,23:28 - 01:34
28.04.2024,22:00 - 23:51
27.04.2024,22:09 - 23:35
24.04.2024,10:23 - 12:05
20.04.2024,22:07 - 23:59
18.04.2024,22:21 - 00:34
17.04.2024,09:10 - 10:22
14.04.2024,21:30 - 23:01
11.04.2024,21:46 - 23:58
08.04.2024,21:28 - 23:00
05.04.2024,21:36 - 22:45
03.04.2024,21:18 - 00:05
25.03.2024,21:38 - 23:20
23.03.2024,21:34 - 23:32
18.03.2024,11:52 - 13:23
13.03.2024,21:21 - 23:03
06.03.2024,22:29 - 01:09
02.03.2024,20:59 - 00:06
01.03.2024,21:33 - 00:08
22.02.2024,21:36 - 01:02
19.02.2024,20:58 - 00:12
18.02.2024,20:59 - 23:33
11.02.2024,21:33 - 23:23
10.02.2024,21:01 - 00:08
07.02.2024,21:01 - 00:10
05.02.2024,21:00 - 23:42
03.02.2024,20:59 - 23:59
31.01.2024,19:58 - 23:16
30.01.2024,13:13 - 15:38
29.01.2024,09:55 - 12:13
27.01.2024,20:26 - 23:05
24.01.2024,20:58 - 23:30
22.01.2024,10:58 - 13:54
20.01.2024,20:14 - 22:47
17.01.2024,11:01 - 12:35
15.01.2024,11:02 - 12:20
13.01.2024,20:24 - 22:23
11.01.2024,11:33 - 13:21
10.01.2024,11:12 - 12:31
07.01.2024,22:05 - 00:32
04.01.2024,22:06 - 00:12
03.01.2024,22:05 - 00:39
18.12.2023,21:13 - 23:31
17.12.2023,21:42 - 23:42
13.12.2023,14:16 - 16:01
11.12.2023,09:55 - 11:55
10.12.2023,09:34 - 11:23
08.12.2023,21:45 - 00:05
06.12.2023,09:23 - 11:21
01.12.2023,21:34 - 00:59
27.11.2023,21:53 - 23:46
22.11.2023,22:09 - 23:51
20.11.2023,09:22 - 10:36
16.11.2023,21:42 - 00:40
13.11.2023,22:07 - 23:43
09.11.2023,21:47 - 23:50
06.11.2023,09:57 - 11:37
01.11.2023,08:34 - 10:12
30.10.2023,09:10 - 10:38
25.10.2023,08:43 - 10:26
23.10.2023,09:43 - 11:01
18.10.2023,08:14 - 10:03
16.10.2023,08:45 - 10:18
15.10.2023,08:49 - 10:08
10.10.2023,17:17 - 18:45
09.10.2023,09:04 - 10:30
03.10.2023,10:07 - 11:22
27.09.2023,10:13 - 11:34
20.05.2023,17:37 - 20:23
